Record_ID,Date,Day,Route,Time,Weather,Bus_Capacity,Current_Passengers,Historical_Average,Actual_Passengers
1,2026-08-01,Saturday,Tiruppur-Coimbatore,16:30,Cloudy,60,61,57,50
2,2026-08-01,Saturday,Tiruppur-Palladam,18:30,Rainy,60,39,41,37
3,2026-08-01,Saturday,Tiruppur-Palladam,19:30,Normal,60,50,46,49
4,2026-08-01,Saturday,Tiruppur-Palladam,17:00,Normal,50,46,43,44
5,2026-08-01,Saturday,Tiruppur-Coimbatore,14:00,Cloudy,60,32,34,31
6,2026-08-01,Saturday,Tiruppur-Kangeyam,16:30,Normal,50,43,43,45
7,2026-08-02,Sunday,Tiruppur-Udumalpet,20:00,Cloudy,60,28,32,34
8,2026-08-02,Sunday,Tiruppur-Kangeyam,08:00,Normal,50,31,36,38
9,2026-08-02,Sunday,Tiruppur-Udumalpet,19:00,Normal,60,42,41,39
10,2026-08-02,Sunday,Tiruppur-Palladam,15:00,Rainy,50,26,24,25
11,2026-08-02,Sunday,Tiruppur-Kangeyam,06:30,Normal,50,22,21,15
12,2026-08-02,Sunday,Tiruppur-Avinashi,16:30,Cloudy,50,42,45,50
13,2026-08-03,Monday,Tiruppur-Palladam,16:30,Cloudy,50,40,44,44
14,2026-08-03,Monday,Tiruppur-Palladam,17:30,Normal,60,50,54,51
15,2026-08-03,Monday,Tiruppur-Udumalpet,16:00,Normal,60,37,45,40
16,2026-08-03,Monday,Tiruppur-Udumalpet,10:00,Normal,60,31,34,33
17,2026-08-03,Monday,Tiruppur-Udumalpet,16:00,Cloudy,60,44,50,47
18,2026-08-03,Monday,Tiruppur-Coimbatore,18:00,Normal,60,57,63,61
19,2026-08-04,Tuesday,Tiruppur-Udumalpet,18:00,Normal,60,49,52,49
20,2026-08-04,Tuesday,Tiruppur-Kangeyam,14:00,Cloudy,50,16,20,16
21,2026-08-04,Tuesday,Tiruppur-Palladam,18:00,Rainy,50,51,46,46
22,2026-08-04,Tuesday,Tiruppur-Avinashi,16:30,Cloudy,50,44,52,48
23,2026-08-04,Tuesday,Tiruppur-Coimbatore,08:30,Normal,60,57,58,55
24,2026-08-04,Tuesday,Tiruppur-Palladam,18:30,Rainy,50,44,45,45
25,2026-08-05,Wednesday,Tiruppur-Coimbatore,18:00,Normal,60,57,58,59
26,2026-08-05,Wednesday,Tiruppur-Avinashi,12:00,Normal,50,40,35,32
27,2026-08-05,Wednesday,Tiruppur-Kangeyam,19:30,Normal,50,36,45,45
28,2026-08-05,Wednesday,Tiruppur-Avinashi,20:00,Normal,50,38,38,42
29,2026-08-05,Wednesday,Tiruppur-Avinashi,17:00,Normal,50,46,55,44
30,2026-08-05,Wednesday,Tiruppur-Kangeyam,12:00,Normal,50,25,28,27
31,2026-08-06,Thursday,Tiruppur-Palladam,19:30,Rainy,50,38,46,37
32,2026-08-06,Thursday,Tiruppur-Palladam,10:00,Cloudy,60,38,32,34
33,2026-08-06,Thursday,Tiruppur-Avinashi,19:30,Normal,50,42,50,45
34,2026-08-06,Thursday,Tiruppur-Palladam,19:00,Normal,60,46,54,55
35,2026-08-06,Thursday,Tiruppur-Palladam,17:00,Normal,60,45,51,51
36,2026-08-06,Thursday,Tiruppur-Palladam,16:30,Normal,60,46,47,54
37,2026-08-07,Friday,Tiruppur-Udumalpet,19:30,Rainy,60,52,47,49
38,2026-08-07,Friday,Tiruppur-Palladam,15:00,Cloudy,50,33,29,31
39,2026-08-07,Friday,Tiruppur-Coimbatore,09:00,Rainy,60,68,58,59
40,2026-08-07,Friday,Tiruppur-Kangeyam,17:30,Normal,50,37,43,44
41,2026-08-07,Friday,Tiruppur-Avinashi,17:00,Rainy,50,49,49,55
42,2026-08-07,Friday,Tiruppur-Avinashi,18:00,Normal,50,45,47,44
43,2026-08-08,Saturday,Tiruppur-Kangeyam,08:30,Normal,50,41,38,34
44,2026-08-08,Saturday,Tiruppur-Kangeyam,08:00,Normal,50,36,40,37
45,2026-08-08,Saturday,Tiruppur-Coimbatore,18:00,Normal,60,56,60,55
46,2026-08-08,Saturday,Tiruppur-Palladam,17:00,Normal,50,39,47,45
47,2026-08-08,Saturday,Tiruppur-Kangeyam,20:00,Normal,50,33,39,35
48,2026-08-08,Saturday,Tiruppur-Palladam,18:30,Normal,50,52,47,45
49,2026-08-09,Sunday,Tiruppur-Avinashi,08:30,Cloudy,50,36,43,39
50,2026-08-09,Sunday,Tiruppur-Coimbatore,16:00,Normal,60,41,55,45
51,2026-08-09,Sunday,Tiruppur-Palladam,08:30,Normal,60,46,39,53
52,2026-08-09,Sunday,Tiruppur-Udumalpet,17:30,Normal,60,54,46,44
53,2026-08-09,Sunday,Tiruppur-Udumalpet,19:30,Normal,60,42,46,44
54,2026-08-09,Sunday,Tiruppur-Palladam,07:00,Normal,50,41,42,40
55,2026-08-10,Monday,Tiruppur-Palladam,18:00,Normal,50,52,52,52
56,2026-08-10,Monday,Tiruppur-Kangeyam,19:00,Rainy,50,42,44,52
57,2026-08-10,Monday,Tiruppur-Palladam,16:00,Normal,60,40,48,51
58,2026-08-10,Monday,Tiruppur-Coimbatore,19:30,Normal,60,59,55,59
59,2026-08-10,Monday,Tiruppur-Avinashi,18:30,Rainy,50,48,50,48
60,2026-08-10,Monday,Tiruppur-Kangeyam,17:00,Normal,50,53,47,38
61,2026-08-11,Tuesday,Tiruppur-Kangeyam,17:30,Normal,50,44,48,40
62,2026-08-11,Tuesday,Tiruppur-Coimbatore,08:30,Normal,60,54,51,51
63,2026-08-11,Tuesday,Tiruppur-Palladam,18:00,Normal,50,56,50,54
64,2026-08-11,Tuesday,Tiruppur-Udumalpet,12:00,Normal,60,39,33,36
65,2026-08-11,Tuesday,Tiruppur-Avinashi,17:00,Rainy,50,44,50,52
66,2026-08-11,Tuesday,Tiruppur-Coimbatore,18:00,Normal,60,67,61,66
67,2026-08-12,Wednesday,Tiruppur-Palladam,07:30,Cloudy,60,39,41,37
68,2026-08-12,Wednesday,Tiruppur-Avinashi,17:30,Rainy,50,46,52,46
69,2026-08-12,Wednesday,Tiruppur-Coimbatore,17:30,Normal,60,59,59,64
70,2026-08-12,Wednesday,Tiruppur-Coimbatore,16:30,Normal,60,60,62,63
71,2026-08-12,Wednesday,Tiruppur-Palladam,17:30,Normal,60,51,49,44
72,2026-08-12,Wednesday,Tiruppur-Kangeyam,18:00,Normal,50,44,49,50
73,2026-08-13,Thursday,Tiruppur-Kangeyam,19:30,Normal,50,47,47,43
74,2026-08-13,Thursday,Tiruppur-Palladam,08:00,Normal,60,53,49,46
75,2026-08-13,Thursday,Tiruppur-Kangeyam,18:00,Normal,50,38,44,43
76,2026-08-13,Thursday,Tiruppur-Palladam,15:00,Normal,60,35,33,36
77,2026-08-13,Thursday,Tiruppur-Palladam,19:00,Normal,50,36,50,52
78,2026-08-13,Thursday,Tiruppur-Coimbatore,06:30,Cloudy,60,25,33,25
79,2026-08-14,Friday,Tiruppur-Udumalpet,16:30,Normal,60,52,51,52
80,2026-08-14,Friday,Tiruppur-Palladam,21:00,Normal,60,36,40,41
81,2026-08-14,Friday,Tiruppur-Coimbatore,21:00,Normal,60,44,45,48
82,2026-08-14,Friday,Tiruppur-Kangeyam,07:00,Rainy,50,35,37,38
83,2026-08-14,Friday,Tiruppur-Kangeyam,19:30,Normal,50,45,48,46
84,2026-08-14,Friday,Tiruppur-Coimbatore,17:30,Normal,60,45,57,45
85,2026-08-15,Saturday,Tiruppur-Avinashi,18:30,Normal,50,46,47,51
86,2026-08-15,Saturday,Tiruppur-Kangeyam,07:00,Rainy,50,37,33,35
87,2026-08-15,Saturday,Tiruppur-Coimbatore,08:00,Rainy,60,36,42,40
88,2026-08-15,Saturday,Tiruppur-Coimbatore,20:00,Cloudy,60,37,37,34
89,2026-08-15,Saturday,Tiruppur-Coimbatore,19:00,Normal,60,52,49,48
90,2026-08-15,Saturday,Tiruppur-Kangeyam,20:00,Normal,50,30,30,30
91,2026-08-16,Sunday,Tiruppur-Udumalpet,08:00,Normal,60,42,46,38
92,2026-08-16,Sunday,Tiruppur-Palladam,18:00,Cloudy,60,49,49,48
93,2026-08-16,Sunday,Tiruppur-Kangeyam,16:30,Normal,50,47,49,48
94,2026-08-16,Sunday,Tiruppur-Coimbatore,16:30,Normal,60,54,56,57
95,2026-08-16,Sunday,Tiruppur-Coimbatore,08:30,Normal,60,36,44,41
96,2026-08-16,Sunday,Tiruppur-Avinashi,16:30,Normal,50,44,52,50
97,2026-08-17,Monday,Tiruppur-Palladam,17:30,Cloudy,60,53,51,50
98,2026-08-17,Monday,Tiruppur-Palladam,16:30,Normal,50,65,51,56
99,2026-08-17,Monday,Tiruppur-Kangeyam,19:00,Cloudy,50,46,48,46
100,2026-08-17,Monday,Tiruppur-Avinashi,11:00,Cloudy,50,31,30,35
101,2026-08-17,Monday,Tiruppur-Kangeyam,10:00,Normal,50,29,31,34
102,2026-08-17,Monday,Tiruppur-Coimbatore,06:30,Cloudy,60,17,22,27
103,2026-08-18,Tuesday,Tiruppur-Kangeyam,17:30,Normal,50,25,41,35
104,2026-08-18,Tuesday,Tiruppur-Coimbatore,18:30,Rainy,60,55,54,48
105,2026-08-18,Tuesday,Tiruppur-Kangeyam,17:30,Normal,50,49,46,48
106,2026-08-18,Tuesday,Tiruppur-Palladam,08:00,Normal,50,58,50,48
107,2026-08-18,Tuesday,Tiruppur-Avinashi,21:00,Rainy,50,43,38,38
108,2026-08-18,Tuesday,Tiruppur-Avinashi,18:30,Normal,50,63,55,56
109,2026-08-19,Wednesday,Tiruppur-Avinashi,19:30,Normal,50,42,55,53
110,2026-08-19,Wednesday,Tiruppur-Avinashi,17:30,Normal,50,39,45,38
111,2026-08-19,Wednesday,Tiruppur-Udumalpet,17:30,Rainy,60,42,45,44
112,2026-08-19,Wednesday,Tiruppur-Palladam,14:00,Normal,60,32,31,32
113,2026-08-19,Wednesday,Tiruppur-Avinashi,18:30,Normal,50,58,61,58
114,2026-08-19,Wednesday,Tiruppur-Avinashi,19:00,Normal,50,43,50,48
115,2026-08-20,Thursday,Tiruppur-Udumalpet,17:30,Rainy,60,46,43,47
116,2026-08-20,Thursday,Tiruppur-Avinashi,19:30,Normal,50,55,56,50
117,2026-08-20,Thursday,Tiruppur-Palladam,10:00,Normal,60,29,29,24
118,2026-08-20,Thursday,Tiruppur-Kangeyam,16:30,Cloudy,50,45,45,35
119,2026-08-20,Thursday,Tiruppur-Avinashi,18:30,Rainy,50,48,46,55
120,2026-08-20,Thursday,Tiruppur-Kangeyam,17:00,Normal,50,54,47,44
121,2026-08-21,Friday,Tiruppur-Coimbatore,18:00,Normal,60,44,55,51
122,2026-08-21,Friday,Tiruppur-Udumalpet,21:00,Normal,60,30,40,39
123,2026-08-21,Friday,Tiruppur-Coimbatore,07:30,Cloudy,60,47,53,54
124,2026-08-21,Friday,Tiruppur-Palladam,07:00,Rainy,50,39,38,35
125,2026-08-21,Friday,Tiruppur-Udumalpet,18:00,Cloudy,60,43,50,43
126,2026-08-21,Friday,Tiruppur-Palladam,07:00,Rainy,50,46,41,41
127,2026-08-22,Saturday,Tiruppur-Palladam,17:00,Normal,50,45,44,42
128,2026-08-22,Saturday,Tiruppur-Kangeyam,18:00,Rainy,50,23,35,38
129,2026-08-22,Saturday,Tiruppur-Kangeyam,11:00,Rainy,50,16,17,17
130,2026-08-22,Saturday,Tiruppur-Palladam,08:30,Rainy,60,42,41,35
131,2026-08-22,Saturday,Tiruppur-Palladam,21:00,Rainy,50,30,33,32
132,2026-08-22,Saturday,Tiruppur-Coimbatore,21:00,Normal,60,29,38,37
133,2026-08-23,Sunday,Tiruppur-Palladam,17:00,Rainy,50,49,42,40
134,2026-08-23,Sunday,Tiruppur-Palladam,06:30,Normal,50,19,19,24
135,2026-08-23,Sunday,Tiruppur-Palladam,20:00,Normal,50,31,36,33
136,2026-08-23,Sunday,Tiruppur-Palladam,08:30,Rainy,50,34,33,32
137,2026-08-23,Sunday,Tiruppur-Udumalpet,17:30,Cloudy,60,39,45,38
138,2026-08-23,Sunday,Tiruppur-Avinashi,08:00,Normal,50,54,53,54
139,2026-08-24,Monday,Tiruppur-Palladam,16:30,Cloudy,60,58,52,51
140,2026-08-24,Monday,Tiruppur-Avinashi,19:30,Rainy,50,43,48,50
141,2026-08-24,Monday,Tiruppur-Avinashi,18:00,Normal,50,52,52,51
142,2026-08-24,Monday,Tiruppur-Coimbatore,20:00,Normal,60,39,45,34
143,2026-08-24,Monday,Tiruppur-Palladam,16:30,Normal,60,55,50,51
144,2026-08-24,Monday,Tiruppur-Udumalpet,15:00,Normal,60,26,31,25
145,2026-08-25,Tuesday,Tiruppur-Udumalpet,16:00,Normal,60,50,52,54
146,2026-08-25,Tuesday,Tiruppur-Palladam,06:30,Rainy,50,18,22,15
147,2026-08-25,Tuesday,Tiruppur-Palladam,18:30,Normal,50,45,47,52
148,2026-08-25,Tuesday,Tiruppur-Palladam,16:30,Normal,60,54,48,51
149,2026-08-25,Tuesday,Tiruppur-Avinashi,07:00,Rainy,50,43,42,43
150,2026-08-25,Tuesday,Tiruppur-Palladam,08:00,Normal,60,47,48,51
151,2026-08-26,Wednesday,Tiruppur-Kangeyam,07:30,Normal,50,38,35,42
152,2026-08-26,Wednesday,Tiruppur-Avinashi,19:00,Normal,50,58,54,62
153,2026-08-26,Wednesday,Tiruppur-Palladam,18:30,Normal,50,46,48,47
154,2026-08-26,Wednesday,Tiruppur-Palladam,17:30,Normal,60,62,57,54
155,2026-08-26,Wednesday,Tiruppur-Coimbatore,18:30,Normal,60,70,63,67
156,2026-08-26,Wednesday,Tiruppur-Palladam,07:30,Normal,60,36,48,45
157,2026-08-27,Thursday,Tiruppur-Kangeyam,18:00,Normal,50,61,52,59
158,2026-08-27,Thursday,Tiruppur-Coimbatore,17:30,Rainy,60,55,56,51
159,2026-08-27,Thursday,Tiruppur-Coimbatore,17:00,Normal,60,54,57,56
160,2026-08-27,Thursday,Tiruppur-Palladam,17:30,Rainy,60,47,47,47
161,2026-08-27,Thursday,Tiruppur-Palladam,17:30,Normal,50,44,51,44
162,2026-08-27,Thursday,Tiruppur-Coimbatore,18:00,Normal,60,52,55,59
163,2026-08-28,Friday,Tiruppur-Coimbatore,19:00,Normal,60,52,61,54
164,2026-08-28,Friday,Tiruppur-Palladam,18:00,Normal,60,61,56,56
165,2026-08-28,Friday,Tiruppur-Kangeyam,16:00,Rainy,50,41,44,41
166,2026-08-28,Friday,Tiruppur-Palladam,16:00,Normal,50,49,49,48
167,2026-08-28,Friday,Tiruppur-Coimbatore,08:00,Cloudy,60,47,52,57
168,2026-08-28,Friday,Tiruppur-Udumalpet,19:30,Rainy,60,30,42,32
169,2026-08-29,Saturday,Tiruppur-Palladam,15:00,Rainy,60,25,23,13
170,2026-08-29,Saturday,Tiruppur-Palladam,17:30,Cloudy,60,37,41,37
171,2026-08-29,Saturday,Tiruppur-Udumalpet,07:30,Cloudy,60,54,46,46
172,2026-08-29,Saturday,Tiruppur-Avinashi,15:00,Rainy,50,29,31,30
173,2026-08-29,Saturday,Tiruppur-Palladam,17:30,Normal,60,43,49,51
174,2026-08-29,Saturday,Tiruppur-Palladam,16:30,Rainy,60,43,45,45
175,2026-08-30,Sunday,Tiruppur-Kangeyam,08:00,Normal,50,29,40,39
176,2026-08-30,Sunday,Tiruppur-Kangeyam,07:30,Normal,50,38,39,36
177,2026-08-30,Sunday,Tiruppur-Palladam,08:30,Normal,50,36,41,40
178,2026-08-30,Sunday,Tiruppur-Coimbatore,17:00,Normal,60,56,58,49
179,2026-08-30,Sunday,Tiruppur-Udumalpet,09:00,Normal,60,39,41,40
180,2026-08-30,Sunday,Tiruppur-Kangeyam,21:00,Rainy,50,21,26,21
181,2026-08-31,Monday,Tiruppur-Palladam,11:00,Normal,50,20,31,21
182,2026-08-31,Monday,Tiruppur-Kangeyam,17:00,Cloudy,50,42,44,42
183,2026-08-31,Monday,Tiruppur-Coimbatore,17:30,Rainy,60,54,53,48
184,2026-08-31,Monday,Tiruppur-Udumalpet,18:30,Normal,60,56,49,49
185,2026-08-31,Monday,Tiruppur-Palladam,19:30,Normal,50,46,47,43
186,2026-08-31,Monday,Tiruppur-Palladam,16:00,Normal,60,47,53,55
187,2026-09-01,Tuesday,Tiruppur-Coimbatore,19:00,Rainy,60,54,53,59
188,2026-09-01,Tuesday,Tiruppur-Avinashi,08:00,Normal,50,46,47,45
189,2026-09-01,Tuesday,Tiruppur-Avinashi,17:00,Normal,50,54,53,53
190,2026-09-01,Tuesday,Tiruppur-Palladam,08:00,Normal,50,54,49,57
191,2026-09-01,Tuesday,Tiruppur-Coimbatore,17:00,Normal,60,54,57,60
192,2026-09-01,Tuesday,Tiruppur-Palladam,19:30,Normal,50,55,54,59
193,2026-09-02,Wednesday,Tiruppur-Udumalpet,17:00,Normal,60,31,51,46
194,2026-09-02,Wednesday,Tiruppur-Kangeyam,16:30,Cloudy,50,48,47,42
195,2026-09-02,Wednesday,Tiruppur-Palladam,13:00,Normal,60,33,27,29
196,2026-09-02,Wednesday,Tiruppur-Palladam,08:30,Cloudy,60,39,47,44
197,2026-09-02,Wednesday,Tiruppur-Kangeyam,21:00,Normal,50,30,35,37
198,2026-09-02,Wednesday,Tiruppur-Kangeyam,08:00,Normal,50,42,43,45
199,2026-09-03,Thursday,Tiruppur-Palladam,18:00,Normal,60,50,55,47
200,2026-09-03,Thursday,Tiruppur-Coimbatore,20:00,Normal,60,41,42,45
201,2026-09-03,Thursday,Tiruppur-Udumalpet,07:00,Rainy,60,38,38,37
202,2026-09-03,Thursday,Tiruppur-Kangeyam,11:00,Cloudy,50,40,34,40
203,2026-09-03,Thursday,Tiruppur-Palladam,17:30,Normal,50,53,54,54
204,2026-09-03,Thursday,Tiruppur-Avinashi,17:30,Normal,50,46,51,52
205,2026-09-04,Friday,Tiruppur-Avinashi,07:30,Normal,50,48,52,54
206,2026-09-04,Friday,Tiruppur-Avinashi,12:00,Normal,50,35,39,30
207,2026-09-04,Friday,Tiruppur-Kangeyam,18:00,Normal,50,44,47,45
208,2026-09-04,Friday,Tiruppur-Avinashi,18:00,Normal,50,56,55,58
209,2026-09-04,Friday,Tiruppur-Palladam,20:00,Cloudy,60,30,31,32
210,2026-09-04,Friday,Tiruppur-Coimbatore,20:00,Normal,60,43,48,48
211,2026-09-05,Saturday,Tiruppur-Palladam,19:00,Normal,60,44,49,50
212,2026-09-05,Saturday,Tiruppur-Udumalpet,12:00,Rainy,60,30,29,29
213,2026-09-05,Saturday,Tiruppur-Kangeyam,09:00,Normal,50,38,37,34
214,2026-09-05,Saturday,Tiruppur-Udumalpet,18:30,Rainy,60,40,41,51
215,2026-09-05,Saturday,Tiruppur-Palladam,08:30,Normal,60,43,43,43
216,2026-09-05,Saturday,Tiruppur-Palladam,16:00,Normal,50,46,51,53
217,2026-09-06,Sunday,Tiruppur-Palladam,06:30,Normal,60,18,18,24
218,2026-09-06,Sunday,Tiruppur-Avinashi,18:30,Normal,50,42,45,38
219,2026-09-06,Sunday,Tiruppur-Avinashi,08:00,Normal,50,65,50,51
220,2026-09-06,Sunday,Tiruppur-Avinashi,07:30,Rainy,50,41,41,41
221,2026-09-06,Sunday,Tiruppur-Palladam,18:00,Rainy,50,29,37,38
222,2026-09-06,Sunday,Tiruppur-Coimbatore,17:00,Normal,60,58,55,57
223,2026-09-07,Monday,Tiruppur-Coimbatore,21:00,Rainy,60,51,44,48
224,2026-09-07,Monday,Tiruppur-Coimbatore,12:00,Rainy,60,40,39,41
225,2026-09-07,Monday,Tiruppur-Palladam,14:00,Cloudy,50,24,30,25
226,2026-09-07,Monday,Tiruppur-Udumalpet,12:00,Normal,60,34,37,31
227,2026-09-07,Monday,Tiruppur-Avinashi,08:00,Rainy,50,50,46,46
228,2026-09-07,Monday,Tiruppur-Avinashi,07:30,Normal,50,49,51,47
229,2026-09-08,Tuesday,Tiruppur-Udumalpet,07:00,Cloudy,60,52,44,46
230,2026-09-08,Tuesday,Tiruppur-Coimbatore,19:00,Normal,60,54,58,55
231,2026-09-08,Tuesday,Tiruppur-Coimbatore,16:00,Normal,60,64,66,65
232,2026-09-08,Tuesday,Tiruppur-Avinashi,18:30,Normal,50,41,60,45
233,2026-09-08,Tuesday,Tiruppur-Palladam,18:30,Normal,60,54,53,51
234,2026-09-08,Tuesday,Tiruppur-Coimbatore,19:00,Normal,60,67,62,64
235,2026-09-09,Wednesday,Tiruppur-Udumalpet,16:30,Cloudy,60,47,49,54
236,2026-09-09,Wednesday,Tiruppur-Udumalpet,08:30,Rainy,60,35,38,37
237,2026-09-09,Wednesday,Tiruppur-Avinashi,17:30,Cloudy,50,63,50,62
238,2026-09-09,Wednesday,Tiruppur-Palladam,07:00,Normal,50,31,43,40
239,2026-09-09,Wednesday,Tiruppur-Avinashi,18:30,Normal,50,42,48,48
240,2026-09-09,Wednesday,Tiruppur-Kangeyam,17:00,Normal,50,45,42,40
241,2026-09-10,Thursday,Tiruppur-Udumalpet,06:30,Normal,60,18,19,21
242,2026-09-10,Thursday,Tiruppur-Kangeyam,19:30,Normal,50,56,52,51
243,2026-09-10,Thursday,Tiruppur-Palladam,08:30,Normal,50,44,54,46
244,2026-09-10,Thursday,Tiruppur-Coimbatore,07:30,Normal,60,47,52,53
245,2026-09-10,Thursday,Tiruppur-Coimbatore,19:00,Normal,60,52,59,54
246,2026-09-10,Thursday,Tiruppur-Palladam,09:00,Normal,60,45,50,47
247,2026-09-11,Friday,Tiruppur-Coimbatore,07:30,Rainy,60,35,47,35
248,2026-09-11,Friday,Tiruppur-Palladam,19:00,Normal,50,57,51,54
249,2026-09-11,Friday,Tiruppur-Coimbatore,07:00,Rainy,60,57,54,52
250,2026-09-11,Friday,Tiruppur-Coimbatore,18:30,Normal,60,49,59,52
251,2026-09-11,Friday,Tiruppur-Palladam,20:00,Normal,60,40,40,37
252,2026-09-11,Friday,Tiruppur-Palladam,12:00,Normal,50,39,34,40
253,2026-09-12,Saturday,Tiruppur-Coimbatore,14:00,Normal,60,31,29,30
254,2026-09-12,Saturday,Tiruppur-Palladam,19:30,Rainy,50,32,42,43
255,2026-09-12,Saturday,Tiruppur-Udumalpet,16:30,Normal,60,40,46,42
256,2026-09-12,Saturday,Tiruppur-Udumalpet,15:00,Normal,60,28,31,33
257,2026-09-12,Saturday,Tiruppur-Udumalpet,08:30,Normal,60,38,40,39
258,2026-09-12,Saturday,Tiruppur-Palladam,19:30,Rainy,60,46,45,51
259,2026-09-13,Sunday,Tiruppur-Palladam,16:00,Rainy,60,39,44,42
260,2026-09-13,Sunday,Tiruppur-Palladam,18:00,Normal,60,44,47,51
261,2026-09-13,Sunday,Tiruppur-Coimbatore,17:00,Rainy,60,51,53,53
262,2026-09-13,Sunday,Tiruppur-Udumalpet,19:00,Normal,60,55,52,53
263,2026-09-13,Sunday,Tiruppur-Kangeyam,18:30,Normal,50,34,34,39
264,2026-09-13,Sunday,Tiruppur-Coimbatore,19:00,Rainy,60,40,47,46
265,2026-09-14,Monday,Tiruppur-Palladam,07:30,Normal,60,51,49,48
266,2026-09-14,Monday,Tiruppur-Palladam,17:30,Rainy,60,32,51,43
267,2026-09-14,Monday,Tiruppur-Coimbatore,18:30,Normal,60,59,59,62
268,2026-09-14,Monday,Tiruppur-Kangeyam,07:00,Rainy,50,32,41,43
269,2026-09-14,Monday,Tiruppur-Palladam,18:00,Normal,60,39,51,48
270,2026-09-14,Monday,Tiruppur-Palladam,17:00,Normal,60,43,45,48
271,2026-09-15,Tuesday,Tiruppur-Palladam,07:30,Normal,50,50,50,51
272,2026-09-15,Tuesday,Tiruppur-Palladam,07:30,Rainy,50,59,46,49
273,2026-09-15,Tuesday,Tiruppur-Palladam,16:30,Normal,50,48,53,47
274,2026-09-15,Tuesday,Tiruppur-Palladam,07:00,Rainy,50,44,41,42
275,2026-09-15,Tuesday,Tiruppur-Palladam,19:30,Normal,50,47,47,55
276,2026-09-15,Tuesday,Tiruppur-Udumalpet,17:00,Normal,60,44,48,46
277,2026-09-16,Wednesday,Tiruppur-Kangeyam,07:30,Normal,50,39,37,37
278,2026-09-16,Wednesday,Tiruppur-Palladam,20:00,Normal,60,49,44,49
279,2026-09-16,Wednesday,Tiruppur-Palladam,20:00,Rainy,60,29,38,35
280,2026-09-16,Wednesday,Tiruppur-Udumalpet,17:00,Cloudy,60,50,50,56
281,2026-09-16,Wednesday,Tiruppur-Palladam,17:00,Cloudy,50,46,49,41
282,2026-09-16,Wednesday,Tiruppur-Avinashi,07:30,Normal,50,46,46,43
283,2026-09-17,Thursday,Tiruppur-Avinashi,17:30,Rainy,50,49,48,41
284,2026-09-17,Thursday,Tiruppur-Avinashi,08:30,Rainy,50,46,45,40
285,2026-09-17,Thursday,Tiruppur-Coimbatore,07:00,Normal,60,50,56,52
286,2026-09-17,Thursday,Tiruppur-Coimbatore,19:30,Normal,60,61,64,65
287,2026-09-17,Thursday,Tiruppur-Palladam,17:30,Rainy,60,46,41,49
288,2026-09-17,Thursday,Tiruppur-Coimbatore,08:30,Normal,60,65,60,61
289,2026-09-18,Friday,Tiruppur-Avinashi,17:00,Cloudy,50,61,54,57
290,2026-09-18,Friday,Tiruppur-Avinashi,16:30,Cloudy,50,58,56,59
291,2026-09-18,Friday,Tiruppur-Kangeyam,08:30,Rainy,50,28,37,36
292,2026-09-18,Friday,Tiruppur-Coimbatore,16:30,Normal,60,41,51,54
293,2026-09-18,Friday,Tiruppur-Udumalpet,07:30,Normal,60,46,41,43
294,2026-09-18,Friday,Tiruppur-Palladam,20:00,Normal,60,42,45,41
295,2026-09-19,Saturday,Tiruppur-Kangeyam,19:00,Normal,50,37,41,46
296,2026-09-19,Saturday,Tiruppur-Palladam,19:00,Cloudy,50,53,45,49
297,2026-09-19,Saturday,Tiruppur-Kangeyam,20:00,Cloudy,50,29,29,33
298,2026-09-19,Saturday,Tiruppur-Palladam,18:00,Normal,50,32,41,32
299,2026-09-19,Saturday,Tiruppur-Palladam,08:30,Normal,50,29,42,37
300,2026-09-19,Saturday,Tiruppur-Kangeyam,07:30,Normal,50,31,34,41
301,2026-09-20,Sunday,Tiruppur-Palladam,17:00,Normal,50,46,46,49
302,2026-09-20,Sunday,Tiruppur-Udumalpet,14:00,Normal,60,20,20,21
303,2026-09-20,Sunday,Tiruppur-Avinashi,08:00,Normal,50,36,43,40
304,2026-09-20,Sunday,Tiruppur-Palladam,18:30,Normal,50,44,42,38
305,2026-09-20,Sunday,Tiruppur-Palladam,09:00,Rainy,50,44,44,42
306,2026-09-20,Sunday,Tiruppur-Palladam,09:00,Normal,50,50,42,45
307,2026-09-21,Monday,Tiruppur-Palladam,16:30,Normal,50,39,54,42
308,2026-09-21,Monday,Tiruppur-Palladam,19:30,Cloudy,60,51,55,45
309,2026-09-21,Monday,Tiruppur-Palladam,17:30,Rainy,60,43,46,44
310,2026-09-21,Monday,Tiruppur-Palladam,07:30,Normal,50,33,47,45
311,2026-09-21,Monday,Tiruppur-Palladam,17:30,Normal,50,44,54,59
312,2026-09-21,Monday,Tiruppur-Kangeyam,18:30,Normal,50,35,41,46
313,2026-09-22,Tuesday,Tiruppur-Coimbatore,11:00,Rainy,60,34,36,41
314,2026-09-22,Tuesday,Tiruppur-Palladam,13:00,Rainy,60,24,23,25
315,2026-09-22,Tuesday,Tiruppur-Avinashi,07:30,Normal,50,44,48,42
316,2026-09-22,Tuesday,Tiruppur-Coimbatore,08:30,Cloudy,60,61,58,58
317,2026-09-22,Tuesday,Tiruppur-Udumalpet,08:00,Rainy,60,33,40,35
318,2026-09-22,Tuesday,Tiruppur-Udumalpet,20:00,Normal,60,41,39,33
319,2026-09-23,Wednesday,Tiruppur-Kangeyam,18:30,Normal,50,46,48,41
320,2026-09-23,Wednesday,Tiruppur-Udumalpet,06:30,Normal,60,19,28,26
321,2026-09-23,Wednesday,Tiruppur-Avinashi,17:00,Normal,50,49,56,53
322,2026-09-23,Wednesday,Tiruppur-Palladam,15:00,Cloudy,50,26,31,27
323,2026-09-23,Wednesday,Tiruppur-Palladam,19:00,Normal,50,44,50,50
324,2026-09-23,Wednesday,Tiruppur-Coimbatore,16:00,Normal,60,71,62,60
325,2026-09-24,Thursday,Tiruppur-Coimbatore,07:30,Cloudy,60,47,60,54
326,2026-09-24,Thursday,Tiruppur-Palladam,10:00,Normal,50,31,33,31
327,2026-09-24,Thursday,Tiruppur-Palladam,09:00,Normal,60,46,47,44
328,2026-09-24,Thursday,Tiruppur-Palladam,08:30,Normal,60,41,41,39
329,2026-09-24,Thursday,Tiruppur-Coimbatore,17:30,Normal,60,70,64,66
330,2026-09-24,Thursday,Tiruppur-Palladam,19:00,Rainy,60,53,53,56
331,2026-09-25,Friday,Tiruppur-Palladam,17:30,Normal,60,50,52,52
332,2026-09-25,Friday,Tiruppur-Coimbatore,18:00,Rainy,60,58,60,58
333,2026-09-25,Friday,Tiruppur-Udumalpet,19:00,Cloudy,60,42,40,36
334,2026-09-25,Friday,Tiruppur-Avinashi,17:00,Normal,50,54,58,53
335,2026-09-25,Friday,Tiruppur-Udumalpet,09:00,Rainy,60,40,44,42
336,2026-09-25,Friday,Tiruppur-Kangeyam,18:30,Normal,50,42,40,42
337,2026-09-26,Saturday,Tiruppur-Coimbatore,14:00,Rainy,60,33,28,34
338,2026-09-26,Saturday,Tiruppur-Avinashi,16:00,Normal,50,48,48,45
339,2026-09-26,Saturday,Tiruppur-Palladam,20:00,Normal,60,37,36,35
340,2026-09-26,Saturday,Tiruppur-Avinashi,17:30,Normal,50,44,50,47
341,2026-09-26,Saturday,Tiruppur-Palladam,18:00,Normal,50,49,44,43
342,2026-09-26,Saturday,Tiruppur-Palladam,19:00,Normal,50,44,47,49
343,2026-09-27,Sunday,Tiruppur-Udumalpet,18:30,Normal,60,35,44,39
344,2026-09-27,Sunday,Tiruppur-Avinashi,17:00,Normal,50,59,47,44
345,2026-09-27,Sunday,Tiruppur-Palladam,20:00,Normal,50,33,34,25
346,2026-09-27,Sunday,Tiruppur-Udumalpet,16:30,Normal,60,43,43,47
347,2026-09-27,Sunday,Tiruppur-Coimbatore,18:30,Rainy,60,45,43,44
348,2026-09-27,Sunday,Tiruppur-Avinashi,19:30,Rainy,50,39,43,44
349,2026-09-28,Monday,Tiruppur-Avinashi,07:30,Normal,50,40,45,52
350,2026-09-28,Monday,Tiruppur-Coimbatore,08:00,Normal,60,48,53,52
351,2026-09-28,Monday,Tiruppur-Coimbatore,19:00,Cloudy,60,56,60,53
352,2026-09-28,Monday,Tiruppur-Palladam,13:00,Normal,50,22,24,21
353,2026-09-28,Monday,Tiruppur-Kangeyam,08:00,Normal,50,49,48,42
354,2026-09-28,Monday,Tiruppur-Udumalpet,19:00,Cloudy,60,47,47,45
355,2026-09-29,Tuesday,Tiruppur-Kangeyam,18:00,Normal,50,39,44,41
356,2026-09-29,Tuesday,Tiruppur-Avinashi,17:00,Normal,50,74,60,59
357,2026-09-29,Tuesday,Tiruppur-Udumalpet,18:00,Normal,60,42,47,42
358,2026-09-29,Tuesday,Tiruppur-Kangeyam,16:00,Normal,50,45,42,40
359,2026-09-29,Tuesday,Tiruppur-Kangeyam,08:30,Cloudy,50,37,41,40
360,2026-09-29,Tuesday,Tiruppur-Udumalpet,17:00,Normal,60,54,54,48
361,2026-09-30,Wednesday,Tiruppur-Udumalpet,17:30,Normal,60,58,55,56
362,2026-09-30,Wednesday,Tiruppur-Kangeyam,19:30,Normal,50,54,49,55
363,2026-09-30,Wednesday,Tiruppur-Palladam,08:00,Normal,60,39,51,47
364,2026-09-30,Wednesday,Tiruppur-Palladam,18:30,Normal,60,41,45,43
365,2026-09-30,Wednesday,Tiruppur-Udumalpet,19:30,Normal,60,46,48,49
366,2026-09-30,Wednesday,Tiruppur-Palladam,16:00,Cloudy,50,36,50,48
367,2026-10-01,Thursday,Tiruppur-Udumalpet,18:30,Normal,60,38,53,40
368,2026-10-01,Thursday,Tiruppur-Kangeyam,09:00,Normal,50,40,44,45
369,2026-10-01,Thursday,Tiruppur-Coimbatore,17:00,Rainy,60,39,55,53
370,2026-10-01,Thursday,Tiruppur-Avinashi,17:00,Normal,50,53,51,55
371,2026-10-01,Thursday,Tiruppur-Avinashi,21:00,Rainy,50,40,38,39
372,2026-10-01,Thursday,Tiruppur-Coimbatore,17:00,Normal,60,61,63,63
373,2026-10-02,Friday,Tiruppur-Palladam,18:30,Normal,50,43,48,47
374,2026-10-02,Friday,Tiruppur-Palladam,19:00,Normal,50,33,46,43
375,2026-10-02,Friday,Tiruppur-Udumalpet,07:00,Normal,60,43,49,48
376,2026-10-02,Friday,Tiruppur-Udumalpet,07:30,Normal,60,42,48,45
377,2026-10-02,Friday,Tiruppur-Coimbatore,08:00,Rainy,60,49,47,44
378,2026-10-02,Friday,Tiruppur-Palladam,18:30,Normal,50,51,52,51
379,2026-10-03,Saturday,Tiruppur-Palladam,17:00,Rainy,60,46,43,42
380,2026-10-03,Saturday,Tiruppur-Coimbatore,17:30,Cloudy,60,37,50,50
381,2026-10-03,Saturday,Tiruppur-Udumalpet,14:00,Normal,60,20,19,26
382,2026-10-03,Saturday,Tiruppur-Palladam,06:30,Cloudy,50,15,15,12
383,2026-10-03,Saturday,Tiruppur-Palladam,18:30,Cloudy,60,51,47,45
384,2026-10-03,Saturday,Tiruppur-Palladam,09:00,Cloudy,60,36,41,33
385,2026-10-04,Sunday,Tiruppur-Coimbatore,08:00,Normal,60,42,47,50
386,2026-10-04,Sunday,Tiruppur-Palladam,06:30,Rainy,60,19,23,22
387,2026-10-04,Sunday,Tiruppur-Udumalpet,20:00,Cloudy,60,31,36,36
388,2026-10-04,Sunday,Tiruppur-Kangeyam,19:00,Normal,50,27,46,37
389,2026-10-04,Sunday,Tiruppur-Palladam,08:00,Normal,60,31,37,40
390,2026-10-04,Sunday,Tiruppur-Avinashi,16:30,Rainy,50,36,44,39
391,2026-10-05,Monday,Tiruppur-Coimbatore,14:00,Cloudy,60,27,36,31
392,2026-10-05,Monday,Tiruppur-Palladam,18:00,Rainy,60,48,42,44
393,2026-10-05,Monday,Tiruppur-Avinashi,09:00,Rainy,50,35,43,41
394,2026-10-05,Monday,Tiruppur-Coimbatore,21:00,Cloudy,60,33,45,39
395,2026-10-05,Monday,Tiruppur-Udumalpet,07:30,Normal,60,51,53,52
396,2026-10-05,Monday,Tiruppur-Palladam,19:00,Normal,60,44,52,53
397,2026-10-06,Tuesday,Tiruppur-Kangeyam,18:00,Rainy,50,40,41,38
398,2026-10-06,Tuesday,Tiruppur-Avinashi,08:00,Normal,50,48,47,49
399,2026-10-06,Tuesday,Tiruppur-Palladam,16:30,Normal,50,50,54,51
400,2026-10-06,Tuesday,Tiruppur-Palladam,17:30,Normal,50,48,46,40
401,2026-10-06,Tuesday,Tiruppur-Palladam,09:00,Normal,50,48,49,46
402,2026-10-06,Tuesday,Tiruppur-Coimbatore,17:00,Normal,60,54,58,58
403,2026-10-07,Wednesday,Tiruppur-Kangeyam,16:00,Normal,50,42,42,45
404,2026-10-07,Wednesday,Tiruppur-Avinashi,17:30,Normal,50,54,54,55
405,2026-10-07,Wednesday,Tiruppur-Palladam,19:30,Cloudy,60,53,58,53
406,2026-10-07,Wednesday,Tiruppur-Udumalpet,08:00,Normal,60,45,41,43
407,2026-10-07,Wednesday,Tiruppur-Coimbatore,19:00,Normal,60,51,63,66
408,2026-10-07,Wednesday,Tiruppur-Avinashi,08:00,Normal,50,48,50,47
409,2026-10-08,Thursday,Tiruppur-Palladam,19:30,Normal,60,44,51,49
410,2026-10-08,Thursday,Tiruppur-Udumalpet,19:00,Normal,60,46,45,36
411,2026-10-08,Thursday,Tiruppur-Udumalpet,17:00,Normal,60,49,54,55
412,2026-10-08,Thursday,Tiruppur-Avinashi,16:00,Normal,50,51,56,58
413,2026-10-08,Thursday,Tiruppur-Palladam,09:00,Cloudy,60,52,50,58
414,2026-10-08,Thursday,Tiruppur-Palladam,14:00,Normal,50,26,25,28
415,2026-10-09,Friday,Tiruppur-Coimbatore,13:00,Rainy,60,28,34,36
416,2026-10-09,Friday,Tiruppur-Udumalpet,18:30,Normal,60,51,50,48
417,2026-10-09,Friday,Tiruppur-Avinashi,18:00,Cloudy,50,39,49,53
418,2026-10-09,Friday,Tiruppur-Palladam,17:00,Normal,60,47,50,53
419,2026-10-09,Friday,Tiruppur-Palladam,19:30,Normal,50,46,50,43
420,2026-10-09,Friday,Tiruppur-Kangeyam,09:00,Normal,50,35,43,40
421,2026-10-10,Saturday,Tiruppur-Palladam,13:00,Normal,50,22,22,24
422,2026-10-10,Saturday,Tiruppur-Avinashi,18:30,Normal,50,55,52,52
423,2026-10-10,Saturday,Tiruppur-Kangeyam,11:00,Normal,50,28,28,30
424,2026-10-10,Saturday,Tiruppur-Palladam,16:30,Rainy,50,45,43,47
425,2026-10-10,Saturday,Tiruppur-Coimbatore,07:30,Rainy,60,52,52,44
426,2026-10-10,Saturday,Tiruppur-Avinashi,07:00,Cloudy,50,39,43,48
427,2026-10-11,Sunday,Tiruppur-Palladam,07:30,Rainy,60,40,40,42
428,2026-10-11,Sunday,Tiruppur-Palladam,09:00,Normal,60,41,44,43
429,2026-10-11,Sunday,Tiruppur-Avinashi,19:30,Normal,50,52,51,51
430,2026-10-11,Sunday,Tiruppur-Coimbatore,09:00,Normal,60,50,51,60
431,2026-10-11,Sunday,Tiruppur-Palladam,16:00,Normal,60,49,50,58
432,2026-10-11,Sunday,Tiruppur-Coimbatore,20:00,Cloudy,60,36,39,40
433,2026-10-12,Monday,Tiruppur-Palladam,19:00,Normal,60,52,55,52
434,2026-10-12,Monday,Tiruppur-Udumalpet,17:30,Normal,60,41,47,42
435,2026-10-12,Monday,Tiruppur-Avinashi,07:30,Rainy,50,44,46,48
436,2026-10-12,Monday,Tiruppur-Palladam,19:30,Normal,50,54,52,54
437,2026-10-12,Monday,Tiruppur-Coimbatore,18:00,Normal,60,53,59,54
438,2026-10-12,Monday,Tiruppur-Kangeyam,16:30,Rainy,50,49,47,49
439,2026-10-13,Tuesday,Tiruppur-Udumalpet,08:00,Normal,60,35,40,37
440,2026-10-13,Tuesday,Tiruppur-Avinashi,16:30,Normal,50,43,53,51
441,2026-10-13,Tuesday,Tiruppur-Udumalpet,18:00,Normal,60,54,52,51
442,2026-10-13,Tuesday,Tiruppur-Coimbatore,18:00,Normal,60,46,55,46
443,2026-10-13,Tuesday,Tiruppur-Palladam,08:00,Rainy,50,50,42,47
444,2026-10-13,Tuesday,Tiruppur-Palladam,07:30,Normal,50,42,44,45
445,2026-10-14,Wednesday,Tiruppur-Avinashi,09:00,Normal,50,47,50,46
446,2026-10-14,Wednesday,Tiruppur-Kangeyam,18:30,Normal,50,49,47,52
447,2026-10-14,Wednesday,Tiruppur-Avinashi,19:30,Normal,50,57,55,54
448,2026-10-14,Wednesday,Tiruppur-Udumalpet,21:00,Cloudy,60,50,43,41
449,2026-10-14,Wednesday,Tiruppur-Coimbatore,18:30,Normal,60,54,61,53
450,2026-10-14,Wednesday,Tiruppur-Palladam,17:30,Cloudy,60,43,50,44
451,2026-10-15,Thursday,Tiruppur-Coimbatore,17:30,Normal,60,77,63,68
452,2026-10-15,Thursday,Tiruppur-Palladam,08:30,Normal,50,49,43,42
453,2026-10-15,Thursday,Tiruppur-Kangeyam,19:00,Normal,50,39,46,43
454,2026-10-15,Thursday,Tiruppur-Avinashi,18:00,Rainy,50,48,45,49
455,2026-10-15,Thursday,Tiruppur-Kangeyam,18:00,Normal,50,42,44,48
456,2026-10-15,Thursday,Tiruppur-Udumalpet,18:30,Rainy,60,32,48,47
457,2026-10-16,Friday,Tiruppur-Coimbatore,17:00,Normal,60,68,62,66
458,2026-10-16,Friday,Tiruppur-Palladam,07:30,Rainy,60,41,44,45
459,2026-10-16,Friday,Tiruppur-Coimbatore,08:00,Normal,60,41,56,50
460,2026-10-16,Friday,Tiruppur-Udumalpet,07:30,Normal,60,51,48,49
461,2026-10-16,Friday,Tiruppur-Palladam,08:30,Rainy,50,45,50,40
462,2026-10-16,Friday,Tiruppur-Kangeyam,15:00,Normal,50,30,30,31
463,2026-10-17,Saturday,Tiruppur-Coimbatore,19:00,Cloudy,60,67,62,56
464,2026-10-17,Saturday,Tiruppur-Avinashi,07:30,Normal,50,45,49,52
465,2026-10-17,Saturday,Tiruppur-Coimbatore,19:00,Normal,60,47,52,50
466,2026-10-17,Saturday,Tiruppur-Udumalpet,19:00,Normal,60,32,35,37
467,2026-10-17,Saturday,Tiruppur-Avinashi,17:00,Cloudy,50,54,48,51
468,2026-10-17,Saturday,Tiruppur-Palladam,07:00,Rainy,60,43,44,45
469,2026-10-18,Sunday,Tiruppur-Udumalpet,09:00,Cloudy,60,52,42,44
470,2026-10-18,Sunday,Tiruppur-Avinashi,12:00,Normal,50,34,35,24
471,2026-10-18,Sunday,Tiruppur-Coimbatore,19:00,Normal,60,59,60,63
472,2026-10-18,Sunday,Tiruppur-Udumalpet,08:30,Rainy,60,37,39,36
473,2026-10-18,Sunday,Tiruppur-Avinashi,21:00,Cloudy,50,43,40,44
474,2026-10-18,Sunday,Tiruppur-Udumalpet,18:30,Normal,60,36,38,42
475,2026-10-19,Monday,Tiruppur-Avinashi,09:00,Rainy,50,49,43,48
476,2026-10-19,Monday,Tiruppur-Palladam,18:30,Normal,60,50,51,46
477,2026-10-19,Monday,Tiruppur-Avinashi,17:30,Normal,50,61,55,63
478,2026-10-19,Monday,Tiruppur-Palladam,20:00,Cloudy,60,39,38,49
479,2026-10-19,Monday,Tiruppur-Palladam,08:30,Normal,50,39,46,47
480,2026-10-19,Monday,Tiruppur-Kangeyam,08:30,Normal,50,49,43,43
481,2026-10-20,Tuesday,Tiruppur-Udumalpet,07:30,Cloudy,60,41,43,42
482,2026-10-20,Tuesday,Tiruppur-Coimbatore,18:00,Rainy,60,46,51,53
483,2026-10-20,Tuesday,Tiruppur-Avinashi,17:30,Rainy,50,57,52,53
484,2026-10-20,Tuesday,Tiruppur-Palladam,08:00,Rainy,50,38,38,35
485,2026-10-20,Tuesday,Tiruppur-Udumalpet,07:00,Normal,60,41,46,47
486,2026-10-20,Tuesday,Tiruppur-Palladam,18:00,Cloudy,50,45,51,46
487,2026-10-21,Wednesday,Tiruppur-Kangeyam,09:00,Normal,50,28,42,36
488,2026-10-21,Wednesday,Tiruppur-Avinashi,17:30,Normal,50,38,48,50
489,2026-10-21,Wednesday,Tiruppur-Palladam,17:30,Normal,50,51,49,41
490,2026-10-21,Wednesday,Tiruppur-Coimbatore,17:00,Cloudy,60,59,65,63
491,2026-10-21,Wednesday,Tiruppur-Palladam,15:00,Normal,50,25,26,33
492,2026-10-21,Wednesday,Tiruppur-Udumalpet,13:00,Normal,60,23,24,23
493,2026-10-22,Thursday,Tiruppur-Kangeyam,07:30,Rainy,50,29,34,34
494,2026-10-22,Thursday,Tiruppur-Avinashi,19:30,Normal,50,56,54,51
495,2026-10-22,Thursday,Tiruppur-Palladam,19:00,Normal,60,55,60,55
496,2026-10-22,Thursday,Tiruppur-Kangeyam,19:00,Rainy,50,37,41,42
497,2026-10-22,Thursday,Tiruppur-Palladam,17:00,Rainy,60,51,47,46
498,2026-10-22,Thursday,Tiruppur-Udumalpet,07:30,Normal,60,34,42,40
499,2026-10-23,Friday,Tiruppur-Coimbatore,17:00,Normal,60,54,59,63
500,2026-10-23,Friday,Tiruppur-Kangeyam,17:30,Normal,50,41,45,45
